Method;Job;AnalyzeLaunchVariance;EvaluateOverhead;MaxAbsoluteError;MaxRelativeError;MinInvokeCount;MinIterationTime;OutlierMode;Affinity;EnvironmentVariables;Jit;LargeAddressAware;Platform;PowerPlanMode;Runtime;AllowVeryLargeObjects;Concurrent;CpuGroups;Force;HeapAffinitizeMask;HeapCount;NoAffinitize;RetainVm;Server;Arguments;BuildConfiguration;Clock;EngineFactory;NuGetReferences;Toolchain;IsMutator;InvocationCount;IterationCount;IterationTime;LaunchCount;MaxIterationCount;MaxWarmupIterationCount;MemoryRandomization;MinIterationCount;MinWarmupIterationCount;RunStrategy;UnrollFactor;WarmupCount;ThreadsCount;QueueParameters;WorkloadType;Mean;Error;StdDev;Median;Min;Max;Allocated
Concurrent;Job-WUTXPO;False;Default;Default;Default;Default;Default;Default;111111111111;Empty;RyuJit;Default;X64;8c5e7fda-e8bf-4a96-9a85-a6e23a8c635c;.NET 6.0;False;True;False;True;Default;Default;False;False;False;Default;Default;Default;Default;Default;Default;Default;1;Default;Default;Default;Default;Default;Default;Default;Default;Default;1;Default;1;"(32, 16)";Uniform;40.60 ms;0.438 ms;0.366 ms;40.50 ms;40.18 ms;41.37 ms;12.97 MB
Concurrent;Job-WUTXPO;False;Default;Default;Default;Default;Default;Default;111111111111;Empty;RyuJit;Default;X64;8c5e7fda-e8bf-4a96-9a85-a6e23a8c635c;.NET 6.0;False;True;False;True;Default;Default;False;False;False;Default;Default;Default;Default;Default;Default;Default;1;Default;Default;Default;Default;Default;Default;Default;Default;Default;1;Default;1;"(32, 16)";EnqueueDequeue;"2,746.22 ms";53.867 ms;111.245 ms;"2,737.50 ms";"2,547.36 ms";"3,048.11 ms";12.98 MB
Concurrent;Job-WUTXPO;False;Default;Default;Default;Default;Default;Default;111111111111;Empty;RyuJit;Default;X64;8c5e7fda-e8bf-4a96-9a85-a6e23a8c635c;.NET 6.0;False;True;False;True;Default;Default;False;False;False;Default;Default;Default;Default;Default;Default;Default;1;Default;Default;Default;Default;Default;Default;Default;Default;Default;1;Default;1;"(64, 32)";Uniform;60.13 ms;0.931 ms;0.914 ms;59.90 ms;58.24 ms;61.68 ms;19.09 MB
Concurrent;Job-WUTXPO;False;Default;Default;Default;Default;Default;Default;111111111111;Empty;RyuJit;Default;X64;8c5e7fda-e8bf-4a96-9a85-a6e23a8c635c;.NET 6.0;False;True;False;True;Default;Default;False;False;False;Default;Default;Default;Default;Default;Default;Default;1;Default;Default;Default;Default;Default;Default;Default;Default;Default;1;Default;1;"(64, 32)";EnqueueDequeue;"1,056.79 ms";21.064 ms;40.077 ms;"1,051.37 ms";978.67 ms;"1,134.93 ms";19.11 MB
Concurrent;Job-WUTXPO;False;Default;Default;Default;Default;Default;Default;111111111111;Empty;RyuJit;Default;X64;8c5e7fda-e8bf-4a96-9a85-a6e23a8c635c;.NET 6.0;False;True;False;True;Default;Default;False;False;False;Default;Default;Default;Default;Default;Default;Default;1;Default;Default;Default;Default;Default;Default;Default;Default;Default;1;Default;1;"(128, 32)";Uniform;66.86 ms;0.826 ms;0.733 ms;66.94 ms;65.74 ms;68.55 ms;19.12 MB
Concurrent;Job-WUTXPO;False;Default;Default;Default;Default;Default;Default;111111111111;Empty;RyuJit;Default;X64;8c5e7fda-e8bf-4a96-9a85-a6e23a8c635c;.NET 6.0;False;True;False;True;Default;Default;False;False;False;Default;Default;Default;Default;Default;Default;Default;1;Default;Default;Default;Default;Default;Default;Default;Default;Default;1;Default;1;"(128, 32)";EnqueueDequeue;"1,088.84 ms";21.729 ms;45.833 ms;"1,087.36 ms";"1,017.61 ms";"1,191.73 ms";19.08 MB
Concurrent;Job-WUTXPO;False;Default;Default;Default;Default;Default;Default;111111111111;Empty;RyuJit;Default;X64;8c5e7fda-e8bf-4a96-9a85-a6e23a8c635c;.NET 6.0;False;True;False;True;Default;Default;False;False;False;Default;Default;Default;Default;Default;Default;Default;1;Default;Default;Default;Default;Default;Default;Default;Default;Default;1;Default;2;"(32, 16)";Uniform;45.69 ms;0.837 ms;0.783 ms;45.61 ms;44.41 ms;47.07 ms;12.97 MB
Concurrent;Job-WUTXPO;False;Default;Default;Default;Default;Default;Default;111111111111;Empty;RyuJit;Default;X64;8c5e7fda-e8bf-4a96-9a85-a6e23a8c635c;.NET 6.0;False;True;False;True;Default;Default;False;False;False;Default;Default;Default;Default;Default;Default;Default;1;Default;Default;Default;Default;Default;Default;Default;Default;Default;1;Default;2;"(32, 16)";EnqueueDequeue;"1,390.18 ms";27.004 ms;37.856 ms;"1,398.63 ms";"1,309.61 ms";"1,443.77 ms";12.96 MB
Concurrent;Job-WUTXPO;False;Default;Default;Default;Default;Default;Default;111111111111;Empty;RyuJit;Default;X64;8c5e7fda-e8bf-4a96-9a85-a6e23a8c635c;.NET 6.0;False;True;False;True;Default;Default;False;False;False;Default;Default;Default;Default;Default;Default;Default;1;Default;Default;Default;Default;Default;Default;Default;Default;Default;1;Default;2;"(64, 32)";Uniform;55.06 ms;1.101 ms;1.029 ms;55.29 ms;53.21 ms;57.15 ms;19.03 MB
Concurrent;Job-WUTXPO;False;Default;Default;Default;Default;Default;Default;111111111111;Empty;RyuJit;Default;X64;8c5e7fda-e8bf-4a96-9a85-a6e23a8c635c;.NET 6.0;False;True;False;True;Default;Default;False;False;False;Default;Default;Default;Default;Default;Default;Default;1;Default;Default;Default;Default;Default;Default;Default;Default;Default;1;Default;2;"(64, 32)";EnqueueDequeue;551.62 ms;10.957 ms;18.307 ms;554.25 ms;512.04 ms;588.64 ms;19.05 MB
Concurrent;Job-WUTXPO;False;Default;Default;Default;Default;Default;Default;111111111111;Empty;RyuJit;Default;X64;8c5e7fda-e8bf-4a96-9a85-a6e23a8c635c;.NET 6.0;False;True;False;True;Default;Default;False;False;False;Default;Default;Default;Default;Default;Default;Default;1;Default;Default;Default;Default;Default;Default;Default;Default;Default;1;Default;2;"(128, 32)";Uniform;57.83 ms;0.850 ms;0.754 ms;57.61 ms;56.45 ms;59.54 ms;19.05 MB
Concurrent;Job-WUTXPO;False;Default;Default;Default;Default;Default;Default;111111111111;Empty;RyuJit;Default;X64;8c5e7fda-e8bf-4a96-9a85-a6e23a8c635c;.NET 6.0;False;True;False;True;Default;Default;False;False;False;Default;Default;Default;Default;Default;Default;Default;1;Default;Default;Default;Default;Default;Default;Default;Default;Default;1;Default;2;"(128, 32)";EnqueueDequeue;554.57 ms;10.958 ms;17.060 ms;554.23 ms;518.19 ms;590.56 ms;19.09 MB
Concurrent;Job-WUTXPO;False;Default;Default;Default;Default;Default;Default;111111111111;Empty;RyuJit;Default;X64;8c5e7fda-e8bf-4a96-9a85-a6e23a8c635c;.NET 6.0;False;True;False;True;Default;Default;False;False;False;Default;Default;Default;Default;Default;Default;Default;1;Default;Default;Default;Default;Default;Default;Default;Default;Default;1;Default;4;"(32, 16)";Uniform;49.29 ms;8.126 ms;21.550 ms;39.69 ms;37.84 ms;142.49 ms;12.97 MB
Concurrent;Job-WUTXPO;False;Default;Default;Default;Default;Default;Default;111111111111;Empty;RyuJit;Default;X64;8c5e7fda-e8bf-4a96-9a85-a6e23a8c635c;.NET 6.0;False;True;False;True;Default;Default;False;False;False;Default;Default;Default;Default;Default;Default;Default;1;Default;Default;Default;Default;Default;Default;Default;Default;Default;1;Default;4;"(32, 16)";EnqueueDequeue;699.33 ms;13.577 ms;12.700 ms;695.12 ms;675.88 ms;726.18 ms;12.97 MB
Concurrent;Job-WUTXPO;False;Default;Default;Default;Default;Default;Default;111111111111;Empty;RyuJit;Default;X64;8c5e7fda-e8bf-4a96-9a85-a6e23a8c635c;.NET 6.0;False;True;False;True;Default;Default;False;False;False;Default;Default;Default;Default;Default;Default;Default;1;Default;Default;Default;Default;Default;Default;Default;Default;Default;1;Default;4;"(64, 32)";Uniform;43.23 ms;0.804 ms;0.826 ms;42.91 ms;42.09 ms;45.44 ms;19.07 MB
Concurrent;Job-WUTXPO;False;Default;Default;Default;Default;Default;Default;111111111111;Empty;RyuJit;Default;X64;8c5e7fda-e8bf-4a96-9a85-a6e23a8c635c;.NET 6.0;False;True;False;True;Default;Default;False;False;False;Default;Default;Default;Default;Default;Default;Default;1;Default;Default;Default;Default;Default;Default;Default;Default;Default;1;Default;4;"(64, 32)";EnqueueDequeue;285.10 ms;5.672 ms;11.713 ms;283.02 ms;264.85 ms;312.42 ms;19.11 MB
Concurrent;Job-WUTXPO;False;Default;Default;Default;Default;Default;Default;111111111111;Empty;RyuJit;Default;X64;8c5e7fda-e8bf-4a96-9a85-a6e23a8c635c;.NET 6.0;False;True;False;True;Default;Default;False;False;False;Default;Default;Default;Default;Default;Default;Default;1;Default;Default;Default;Default;Default;Default;Default;Default;Default;1;Default;4;"(128, 32)";Uniform;44.12 ms;0.748 ms;0.663 ms;44.21 ms;42.64 ms;45.03 ms;19.06 MB
Concurrent;Job-WUTXPO;False;Default;Default;Default;Default;Default;Default;111111111111;Empty;RyuJit;Default;X64;8c5e7fda-e8bf-4a96-9a85-a6e23a8c635c;.NET 6.0;False;True;False;True;Default;Default;False;False;False;Default;Default;Default;Default;Default;Default;Default;1;Default;Default;Default;Default;Default;Default;Default;Default;Default;1;Default;4;"(128, 32)";EnqueueDequeue;286.56 ms;5.682 ms;10.947 ms;288.30 ms;267.08 ms;312.94 ms;19.09 MB
Concurrent;Job-WUTXPO;False;Default;Default;Default;Default;Default;Default;111111111111;Empty;RyuJit;Default;X64;8c5e7fda-e8bf-4a96-9a85-a6e23a8c635c;.NET 6.0;False;True;False;True;Default;Default;False;False;False;Default;Default;Default;Default;Default;Default;Default;1;Default;Default;Default;Default;Default;Default;Default;Default;Default;1;Default;6;"(32, 16)";Uniform;45.73 ms;6.487 ms;17.203 ms;38.61 ms;36.93 ms;120.58 ms;12.99 MB
Concurrent;Job-WUTXPO;False;Default;Default;Default;Default;Default;Default;111111111111;Empty;RyuJit;Default;X64;8c5e7fda-e8bf-4a96-9a85-a6e23a8c635c;.NET 6.0;False;True;False;True;Default;Default;False;False;False;Default;Default;Default;Default;Default;Default;Default;1;Default;Default;Default;Default;Default;Default;Default;Default;Default;1;Default;6;"(32, 16)";EnqueueDequeue;476.62 ms;9.298 ms;12.728 ms;480.20 ms;443.78 ms;494.59 ms;12.96 MB
Concurrent;Job-WUTXPO;False;Default;Default;Default;Default;Default;Default;111111111111;Empty;RyuJit;Default;X64;8c5e7fda-e8bf-4a96-9a85-a6e23a8c635c;.NET 6.0;False;True;False;True;Default;Default;False;False;False;Default;Default;Default;Default;Default;Default;Default;1;Default;Default;Default;Default;Default;Default;Default;Default;Default;1;Default;6;"(64, 32)";Uniform;39.76 ms;0.679 ms;0.635 ms;39.70 ms;38.98 ms;41.18 ms;19.1 MB
Concurrent;Job-WUTXPO;False;Default;Default;Default;Default;Default;Default;111111111111;Empty;RyuJit;Default;X64;8c5e7fda-e8bf-4a96-9a85-a6e23a8c635c;.NET 6.0;False;True;False;True;Default;Default;False;False;False;Default;Default;Default;Default;Default;Default;Default;1;Default;Default;Default;Default;Default;Default;Default;Default;Default;1;Default;6;"(64, 32)";EnqueueDequeue;194.61 ms;3.766 ms;5.279 ms;194.26 ms;185.94 ms;205.88 ms;19.1 MB
Concurrent;Job-WUTXPO;False;Default;Default;Default;Default;Default;Default;111111111111;Empty;RyuJit;Default;X64;8c5e7fda-e8bf-4a96-9a85-a6e23a8c635c;.NET 6.0;False;True;False;True;Default;Default;False;False;False;Default;Default;Default;Default;Default;Default;Default;1;Default;Default;Default;Default;Default;Default;Default;Default;Default;1;Default;6;"(128, 32)";Uniform;40.59 ms;0.704 ms;0.549 ms;40.68 ms;39.53 ms;41.32 ms;19.08 MB
Concurrent;Job-WUTXPO;False;Default;Default;Default;Default;Default;Default;111111111111;Empty;RyuJit;Default;X64;8c5e7fda-e8bf-4a96-9a85-a6e23a8c635c;.NET 6.0;False;True;False;True;Default;Default;False;False;False;Default;Default;Default;Default;Default;Default;Default;1;Default;Default;Default;Default;Default;Default;Default;Default;Default;1;Default;6;"(128, 32)";EnqueueDequeue;201.58 ms;3.945 ms;6.370 ms;201.20 ms;184.34 ms;215.50 ms;19.1 MB
Concurrent;Job-WUTXPO;False;Default;Default;Default;Default;Default;Default;111111111111;Empty;RyuJit;Default;X64;8c5e7fda-e8bf-4a96-9a85-a6e23a8c635c;.NET 6.0;False;True;False;True;Default;Default;False;False;False;Default;Default;Default;Default;Default;Default;Default;1;Default;Default;Default;Default;Default;Default;Default;Default;Default;1;Default;8;"(32, 16)";Uniform;37.17 ms;0.538 ms;0.420 ms;37.14 ms;36.42 ms;37.89 ms;12.97 MB
Concurrent;Job-WUTXPO;False;Default;Default;Default;Default;Default;Default;111111111111;Empty;RyuJit;Default;X64;8c5e7fda-e8bf-4a96-9a85-a6e23a8c635c;.NET 6.0;False;True;False;True;Default;Default;False;False;False;Default;Default;Default;Default;Default;Default;Default;1;Default;Default;Default;Default;Default;Default;Default;Default;Default;1;Default;8;"(32, 16)";EnqueueDequeue;363.68 ms;7.148 ms;7.648 ms;363.63 ms;352.08 ms;380.39 ms;12.98 MB
Concurrent;Job-WUTXPO;False;Default;Default;Default;Default;Default;Default;111111111111;Empty;RyuJit;Default;X64;8c5e7fda-e8bf-4a96-9a85-a6e23a8c635c;.NET 6.0;False;True;False;True;Default;Default;False;False;False;Default;Default;Default;Default;Default;Default;Default;1;Default;Default;Default;Default;Default;Default;Default;Default;Default;1;Default;8;"(64, 32)";Uniform;40.42 ms;0.734 ms;0.721 ms;40.13 ms;39.72 ms;41.89 ms;19.12 MB
Concurrent;Job-WUTXPO;False;Default;Default;Default;Default;Default;Default;111111111111;Empty;RyuJit;Default;X64;8c5e7fda-e8bf-4a96-9a85-a6e23a8c635c;.NET 6.0;False;True;False;True;Default;Default;False;False;False;Default;Default;Default;Default;Default;Default;Default;1;Default;Default;Default;Default;Default;Default;Default;Default;Default;1;Default;8;"(64, 32)";EnqueueDequeue;148.43 ms;2.921 ms;5.628 ms;147.50 ms;134.65 ms;159.75 ms;19.11 MB
Concurrent;Job-WUTXPO;False;Default;Default;Default;Default;Default;Default;111111111111;Empty;RyuJit;Default;X64;8c5e7fda-e8bf-4a96-9a85-a6e23a8c635c;.NET 6.0;False;True;False;True;Default;Default;False;False;False;Default;Default;Default;Default;Default;Default;Default;1;Default;Default;Default;Default;Default;Default;Default;Default;Default;1;Default;8;"(128, 32)";Uniform;40.61 ms;0.332 ms;0.294 ms;40.59 ms;40.07 ms;41.16 ms;19.1 MB
Concurrent;Job-WUTXPO;False;Default;Default;Default;Default;Default;Default;111111111111;Empty;RyuJit;Default;X64;8c5e7fda-e8bf-4a96-9a85-a6e23a8c635c;.NET 6.0;False;True;False;True;Default;Default;False;False;False;Default;Default;Default;Default;Default;Default;Default;1;Default;Default;Default;Default;Default;Default;Default;Default;Default;1;Default;8;"(128, 32)";EnqueueDequeue;150.12 ms;2.987 ms;5.231 ms;149.98 ms;141.17 ms;161.17 ms;19.06 MB
Concurrent;Job-WUTXPO;False;Default;Default;Default;Default;Default;Default;111111111111;Empty;RyuJit;Default;X64;8c5e7fda-e8bf-4a96-9a85-a6e23a8c635c;.NET 6.0;False;True;False;True;Default;Default;False;False;False;Default;Default;Default;Default;Default;Default;Default;1;Default;Default;Default;Default;Default;Default;Default;Default;Default;1;Default;10;"(32, 16)";Uniform;38.18 ms;0.472 ms;0.394 ms;38.23 ms;37.34 ms;39.01 ms;12.98 MB
Concurrent;Job-WUTXPO;False;Default;Default;Default;Default;Default;Default;111111111111;Empty;RyuJit;Default;X64;8c5e7fda-e8bf-4a96-9a85-a6e23a8c635c;.NET 6.0;False;True;False;True;Default;Default;False;False;False;Default;Default;Default;Default;Default;Default;Default;1;Default;Default;Default;Default;Default;Default;Default;Default;Default;1;Default;10;"(32, 16)";EnqueueDequeue;305.46 ms;6.022 ms;7.396 ms;305.83 ms;293.86 ms;319.71 ms;12.97 MB
Concurrent;Job-WUTXPO;False;Default;Default;Default;Default;Default;Default;111111111111;Empty;RyuJit;Default;X64;8c5e7fda-e8bf-4a96-9a85-a6e23a8c635c;.NET 6.0;False;True;False;True;Default;Default;False;False;False;Default;Default;Default;Default;Default;Default;Default;1;Default;Default;Default;Default;Default;Default;Default;Default;Default;1;Default;10;"(64, 32)";Uniform;39.31 ms;0.619 ms;0.517 ms;39.27 ms;38.77 ms;40.52 ms;19.07 MB
Concurrent;Job-WUTXPO;False;Default;Default;Default;Default;Default;Default;111111111111;Empty;RyuJit;Default;X64;8c5e7fda-e8bf-4a96-9a85-a6e23a8c635c;.NET 6.0;False;True;False;True;Default;Default;False;False;False;Default;Default;Default;Default;Default;Default;Default;1;Default;Default;Default;Default;Default;Default;Default;Default;Default;1;Default;10;"(64, 32)";EnqueueDequeue;134.03 ms;2.666 ms;3.824 ms;133.53 ms;125.56 ms;142.58 ms;19.09 MB
Concurrent;Job-WUTXPO;False;Default;Default;Default;Default;Default;Default;111111111111;Empty;RyuJit;Default;X64;8c5e7fda-e8bf-4a96-9a85-a6e23a8c635c;.NET 6.0;False;True;False;True;Default;Default;False;False;False;Default;Default;Default;Default;Default;Default;Default;1;Default;Default;Default;Default;Default;Default;Default;Default;Default;1;Default;10;"(128, 32)";Uniform;39.49 ms;0.407 ms;0.361 ms;39.49 ms;38.85 ms;40.17 ms;19.08 MB
Concurrent;Job-WUTXPO;False;Default;Default;Default;Default;Default;Default;111111111111;Empty;RyuJit;Default;X64;8c5e7fda-e8bf-4a96-9a85-a6e23a8c635c;.NET 6.0;False;True;False;True;Default;Default;False;False;False;Default;Default;Default;Default;Default;Default;Default;1;Default;Default;Default;Default;Default;Default;Default;Default;Default;1;Default;10;"(128, 32)";EnqueueDequeue;135.07 ms;2.684 ms;3.849 ms;135.00 ms;125.27 ms;141.97 ms;19.04 MB
Concurrent;Job-WUTXPO;False;Default;Default;Default;Default;Default;Default;111111111111;Empty;RyuJit;Default;X64;8c5e7fda-e8bf-4a96-9a85-a6e23a8c635c;.NET 6.0;False;True;False;True;Default;Default;False;False;False;Default;Default;Default;Default;Default;Default;Default;1;Default;Default;Default;Default;Default;Default;Default;Default;Default;1;Default;12;"(32, 16)";Uniform;40.19 ms;0.795 ms;0.744 ms;40.28 ms;39.02 ms;41.08 ms;12.97 MB
Concurrent;Job-WUTXPO;False;Default;Default;Default;Default;Default;Default;111111111111;Empty;RyuJit;Default;X64;8c5e7fda-e8bf-4a96-9a85-a6e23a8c635c;.NET 6.0;False;True;False;True;Default;Default;False;False;False;Default;Default;Default;Default;Default;Default;Default;1;Default;Default;Default;Default;Default;Default;Default;Default;Default;1;Default;12;"(32, 16)";EnqueueDequeue;255.96 ms;5.101 ms;5.238 ms;255.84 ms;245.25 ms;263.38 ms;12.96 MB
Concurrent;Job-WUTXPO;False;Default;Default;Default;Default;Default;Default;111111111111;Empty;RyuJit;Default;X64;8c5e7fda-e8bf-4a96-9a85-a6e23a8c635c;.NET 6.0;False;True;False;True;Default;Default;False;False;False;Default;Default;Default;Default;Default;Default;Default;1;Default;Default;Default;Default;Default;Default;Default;Default;Default;1;Default;12;"(64, 32)";Uniform;41.31 ms;0.748 ms;0.699 ms;41.04 ms;40.58 ms;42.82 ms;19.08 MB
Concurrent;Job-WUTXPO;False;Default;Default;Default;Default;Default;Default;111111111111;Empty;RyuJit;Default;X64;8c5e7fda-e8bf-4a96-9a85-a6e23a8c635c;.NET 6.0;False;True;False;True;Default;Default;False;False;False;Default;Default;Default;Default;Default;Default;Default;1;Default;Default;Default;Default;Default;Default;Default;Default;Default;1;Default;12;"(64, 32)";EnqueueDequeue;120.30 ms;2.375 ms;4.688 ms;120.84 ms;106.13 ms;130.95 ms;19.09 MB
Concurrent;Job-WUTXPO;False;Default;Default;Default;Default;Default;Default;111111111111;Empty;RyuJit;Default;X64;8c5e7fda-e8bf-4a96-9a85-a6e23a8c635c;.NET 6.0;False;True;False;True;Default;Default;False;False;False;Default;Default;Default;Default;Default;Default;Default;1;Default;Default;Default;Default;Default;Default;Default;Default;Default;1;Default;12;"(128, 32)";Uniform;41.98 ms;0.640 ms;0.599 ms;41.87 ms;41.19 ms;42.88 ms;19.08 MB
Concurrent;Job-WUTXPO;False;Default;Default;Default;Default;Default;Default;111111111111;Empty;RyuJit;Default;X64;8c5e7fda-e8bf-4a96-9a85-a6e23a8c635c;.NET 6.0;False;True;False;True;Default;Default;False;False;False;Default;Default;Default;Default;Default;Default;Default;1;Default;Default;Default;Default;Default;Default;Default;Default;Default;1;Default;12;"(128, 32)";EnqueueDequeue;121.13 ms;2.334 ms;2.397 ms;120.68 ms;117.52 ms;124.86 ms;19.05 MB
Concurrent;Job-WUTXPO;False;Default;Default;Default;Default;Default;Default;111111111111;Empty;RyuJit;Default;X64;8c5e7fda-e8bf-4a96-9a85-a6e23a8c635c;.NET 6.0;False;True;False;True;Default;Default;False;False;False;Default;Default;Default;Default;Default;Default;Default;1;Default;Default;Default;Default;Default;Default;Default;Default;Default;1;Default;14;"(32, 16)";Uniform;42.82 ms;1.550 ms;4.295 ms;41.04 ms;39.27 ms;56.67 ms;12.98 MB
Concurrent;Job-WUTXPO;False;Default;Default;Default;Default;Default;Default;111111111111;Empty;RyuJit;Default;X64;8c5e7fda-e8bf-4a96-9a85-a6e23a8c635c;.NET 6.0;False;True;False;True;Default;Default;False;False;False;Default;Default;Default;Default;Default;Default;Default;1;Default;Default;Default;Default;Default;Default;Default;Default;Default;1;Default;14;"(32, 16)";EnqueueDequeue;193.89 ms;3.856 ms;8.465 ms;192.37 ms;177.39 ms;214.77 ms;12.98 MB
Concurrent;Job-WUTXPO;False;Default;Default;Default;Default;Default;Default;111111111111;Empty;RyuJit;Default;X64;8c5e7fda-e8bf-4a96-9a85-a6e23a8c635c;.NET 6.0;False;True;False;True;Default;Default;False;False;False;Default;Default;Default;Default;Default;Default;Default;1;Default;Default;Default;Default;Default;Default;Default;Default;Default;1;Default;14;"(64, 32)";Uniform;42.21 ms;0.386 ms;0.798 ms;42.11 ms;40.67 ms;43.84 ms;19.12 MB
Concurrent;Job-WUTXPO;False;Default;Default;Default;Default;Default;Default;111111111111;Empty;RyuJit;Default;X64;8c5e7fda-e8bf-4a96-9a85-a6e23a8c635c;.NET 6.0;False;True;False;True;Default;Default;False;False;False;Default;Default;Default;Default;Default;Default;Default;1;Default;Default;Default;Default;Default;Default;Default;Default;Default;1;Default;14;"(64, 32)";EnqueueDequeue;95.94 ms;1.909 ms;5.225 ms;95.55 ms;84.69 ms;109.07 ms;19.09 MB
Concurrent;Job-WUTXPO;False;Default;Default;Default;Default;Default;Default;111111111111;Empty;RyuJit;Default;X64;8c5e7fda-e8bf-4a96-9a85-a6e23a8c635c;.NET 6.0;False;True;False;True;Default;Default;False;False;False;Default;Default;Default;Default;Default;Default;Default;1;Default;Default;Default;Default;Default;Default;Default;Default;Default;1;Default;14;"(128, 32)";Uniform;42.28 ms;0.543 ms;1.059 ms;42.22 ms;40.47 ms;45.46 ms;19.07 MB
Concurrent;Job-WUTXPO;False;Default;Default;Default;Default;Default;Default;111111111111;Empty;RyuJit;Default;X64;8c5e7fda-e8bf-4a96-9a85-a6e23a8c635c;.NET 6.0;False;True;False;True;Default;Default;False;False;False;Default;Default;Default;Default;Default;Default;Default;1;Default;Default;Default;Default;Default;Default;Default;Default;Default;1;Default;14;"(128, 32)";EnqueueDequeue;94.05 ms;1.831 ms;3.438 ms;93.98 ms;87.71 ms;102.07 ms;19.07 MB
Concurrent;Job-WUTXPO;False;Default;Default;Default;Default;Default;Default;111111111111;Empty;RyuJit;Default;X64;8c5e7fda-e8bf-4a96-9a85-a6e23a8c635c;.NET 6.0;False;True;False;True;Default;Default;False;False;False;Default;Default;Default;Default;Default;Default;Default;1;Default;Default;Default;Default;Default;Default;Default;Default;Default;1;Default;16;"(32, 16)";Uniform;39.55 ms;0.667 ms;0.521 ms;39.58 ms;38.93 ms;40.48 ms;12.99 MB
Concurrent;Job-WUTXPO;False;Default;Default;Default;Default;Default;Default;111111111111;Empty;RyuJit;Default;X64;8c5e7fda-e8bf-4a96-9a85-a6e23a8c635c;.NET 6.0;False;True;False;True;Default;Default;False;False;False;Default;Default;Default;Default;Default;Default;Default;1;Default;Default;Default;Default;Default;Default;Default;Default;Default;1;Default;16;"(32, 16)";EnqueueDequeue;161.57 ms;5.841 ms;17.039 ms;158.07 ms;133.76 ms;207.80 ms;12.99 MB
Concurrent;Job-WUTXPO;False;Default;Default;Default;Default;Default;Default;111111111111;Empty;RyuJit;Default;X64;8c5e7fda-e8bf-4a96-9a85-a6e23a8c635c;.NET 6.0;False;True;False;True;Default;Default;False;False;False;Default;Default;Default;Default;Default;Default;Default;1;Default;Default;Default;Default;Default;Default;Default;Default;Default;1;Default;16;"(64, 32)";Uniform;46.65 ms;2.942 ms;8.298 ms;42.34 ms;40.29 ms;71.30 ms;19.1 MB
Concurrent;Job-WUTXPO;False;Default;Default;Default;Default;Default;Default;111111111111;Empty;RyuJit;Default;X64;8c5e7fda-e8bf-4a96-9a85-a6e23a8c635c;.NET 6.0;False;True;False;True;Default;Default;False;False;False;Default;Default;Default;Default;Default;Default;Default;1;Default;Default;Default;Default;Default;Default;Default;Default;Default;1;Default;16;"(64, 32)";EnqueueDequeue;79.49 ms;2.720 ms;7.627 ms;76.56 ms;66.92 ms;103.11 ms;19.09 MB
Concurrent;Job-WUTXPO;False;Default;Default;Default;Default;Default;Default;111111111111;Empty;RyuJit;Default;X64;8c5e7fda-e8bf-4a96-9a85-a6e23a8c635c;.NET 6.0;False;True;False;True;Default;Default;False;False;False;Default;Default;Default;Default;Default;Default;Default;1;Default;Default;Default;Default;Default;Default;Default;Default;Default;1;Default;16;"(128, 32)";Uniform;42.79 ms;0.812 ms;0.797 ms;42.68 ms;41.23 ms;44.69 ms;19.08 MB
Concurrent;Job-WUTXPO;False;Default;Default;Default;Default;Default;Default;111111111111;Empty;RyuJit;Default;X64;8c5e7fda-e8bf-4a96-9a85-a6e23a8c635c;.NET 6.0;False;True;False;True;Default;Default;False;False;False;Default;Default;Default;Default;Default;Default;Default;1;Default;Default;Default;Default;Default;Default;Default;Default;Default;1;Default;16;"(128, 32)";EnqueueDequeue;77.90 ms;2.227 ms;6.172 ms;76.12 ms;67.59 ms;95.59 ms;19.08 MB
Concurrent;Job-WUTXPO;False;Default;Default;Default;Default;Default;Default;111111111111;Empty;RyuJit;Default;X64;8c5e7fda-e8bf-4a96-9a85-a6e23a8c635c;.NET 6.0;False;True;False;True;Default;Default;False;False;False;Default;Default;Default;Default;Default;Default;Default;1;Default;Default;Default;Default;Default;Default;Default;Default;Default;1;Default;18;"(32, 16)";Uniform;47.60 ms;4.186 ms;11.738 ms;40.88 ms;38.98 ms;85.56 ms;12.97 MB
Concurrent;Job-WUTXPO;False;Default;Default;Default;Default;Default;Default;111111111111;Empty;RyuJit;Default;X64;8c5e7fda-e8bf-4a96-9a85-a6e23a8c635c;.NET 6.0;False;True;False;True;Default;Default;False;False;False;Default;Default;Default;Default;Default;Default;Default;1;Default;Default;Default;Default;Default;Default;Default;Default;Default;1;Default;18;"(32, 16)";EnqueueDequeue;127.63 ms;5.685 ms;16.762 ms;121.88 ms;103.33 ms;175.61 ms;12.98 MB
Concurrent;Job-WUTXPO;False;Default;Default;Default;Default;Default;Default;111111111111;Empty;RyuJit;Default;X64;8c5e7fda-e8bf-4a96-9a85-a6e23a8c635c;.NET 6.0;False;True;False;True;Default;Default;False;False;False;Default;Default;Default;Default;Default;Default;Default;1;Default;Default;Default;Default;Default;Default;Default;Default;Default;1;Default;18;"(64, 32)";Uniform;46.83 ms;3.156 ms;8.797 ms;42.01 ms;40.20 ms;75.43 ms;19.11 MB
Concurrent;Job-WUTXPO;False;Default;Default;Default;Default;Default;Default;111111111111;Empty;RyuJit;Default;X64;8c5e7fda-e8bf-4a96-9a85-a6e23a8c635c;.NET 6.0;False;True;False;True;Default;Default;False;False;False;Default;Default;Default;Default;Default;Default;Default;1;Default;Default;Default;Default;Default;Default;Default;Default;Default;1;Default;18;"(64, 32)";EnqueueDequeue;66.74 ms;1.558 ms;4.370 ms;65.86 ms;58.83 ms;79.70 ms;19.1 MB
Concurrent;Job-WUTXPO;False;Default;Default;Default;Default;Default;Default;111111111111;Empty;RyuJit;Default;X64;8c5e7fda-e8bf-4a96-9a85-a6e23a8c635c;.NET 6.0;False;True;False;True;Default;Default;False;False;False;Default;Default;Default;Default;Default;Default;Default;1;Default;Default;Default;Default;Default;Default;Default;Default;Default;1;Default;18;"(128, 32)";Uniform;45.44 ms;2.359 ms;6.576 ms;42.16 ms;40.84 ms;67.61 ms;19.1 MB
Concurrent;Job-WUTXPO;False;Default;Default;Default;Default;Default;Default;111111111111;Empty;RyuJit;Default;X64;8c5e7fda-e8bf-4a96-9a85-a6e23a8c635c;.NET 6.0;False;True;False;True;Default;Default;False;False;False;Default;Default;Default;Default;Default;Default;Default;1;Default;Default;Default;Default;Default;Default;Default;Default;Default;1;Default;18;"(128, 32)";EnqueueDequeue;67.19 ms;1.331 ms;3.084 ms;66.46 ms;60.99 ms;75.08 ms;19.09 MB
Concurrent;Job-WUTXPO;False;Default;Default;Default;Default;Default;Default;111111111111;Empty;RyuJit;Default;X64;8c5e7fda-e8bf-4a96-9a85-a6e23a8c635c;.NET 6.0;False;True;False;True;Default;Default;False;False;False;Default;Default;Default;Default;Default;Default;Default;1;Default;Default;Default;Default;Default;Default;Default;Default;Default;1;Default;20;"(32, 16)";Uniform;45.68 ms;3.987 ms;10.981 ms;39.83 ms;38.20 ms;79.64 ms;13 MB
Concurrent;Job-WUTXPO;False;Default;Default;Default;Default;Default;Default;111111111111;Empty;RyuJit;Default;X64;8c5e7fda-e8bf-4a96-9a85-a6e23a8c635c;.NET 6.0;False;True;False;True;Default;Default;False;False;False;Default;Default;Default;Default;Default;Default;Default;1;Default;Default;Default;Default;Default;Default;Default;Default;Default;1;Default;20;"(32, 16)";EnqueueDequeue;102.03 ms;2.838 ms;8.097 ms;99.69 ms;89.65 ms;125.66 ms;12.99 MB
Concurrent;Job-WUTXPO;False;Default;Default;Default;Default;Default;Default;111111111111;Empty;RyuJit;Default;X64;8c5e7fda-e8bf-4a96-9a85-a6e23a8c635c;.NET 6.0;False;True;False;True;Default;Default;False;False;False;Default;Default;Default;Default;Default;Default;Default;1;Default;Default;Default;Default;Default;Default;Default;Default;Default;1;Default;20;"(64, 32)";Uniform;46.04 ms;3.343 ms;9.095 ms;41.65 ms;39.69 ms;75.99 ms;19.1 MB
Concurrent;Job-WUTXPO;False;Default;Default;Default;Default;Default;Default;111111111111;Empty;RyuJit;Default;X64;8c5e7fda-e8bf-4a96-9a85-a6e23a8c635c;.NET 6.0;False;True;False;True;Default;Default;False;False;False;Default;Default;Default;Default;Default;Default;Default;1;Default;Default;Default;Default;Default;Default;Default;Default;Default;1;Default;20;"(64, 32)";EnqueueDequeue;62.30 ms;2.117 ms;6.041 ms;59.89 ms;54.50 ms;80.31 ms;19.06 MB
Concurrent;Job-WUTXPO;False;Default;Default;Default;Default;Default;Default;111111111111;Empty;RyuJit;Default;X64;8c5e7fda-e8bf-4a96-9a85-a6e23a8c635c;.NET 6.0;False;True;False;True;Default;Default;False;False;False;Default;Default;Default;Default;Default;Default;Default;1;Default;Default;Default;Default;Default;Default;Default;Default;Default;1;Default;20;"(128, 32)";Uniform;46.33 ms;3.587 ms;9.999 ms;41.15 ms;40.07 ms;74.90 ms;19.09 MB
Concurrent;Job-WUTXPO;False;Default;Default;Default;Default;Default;Default;111111111111;Empty;RyuJit;Default;X64;8c5e7fda-e8bf-4a96-9a85-a6e23a8c635c;.NET 6.0;False;True;False;True;Default;Default;False;False;False;Default;Default;Default;Default;Default;Default;Default;1;Default;Default;Default;Default;Default;Default;Default;Default;Default;1;Default;20;"(128, 32)";EnqueueDequeue;60.15 ms;1.193 ms;2.410 ms;59.83 ms;54.66 ms;65.53 ms;19.1 MB
